"id","created_at","updated_at","role_id","user_id"
12,2026-03-03 14:37:14.422,2026-03-03 14:37:14.422,8,17
13,2026-03-03 14:37:14.536,2026-03-03 14:37:14.536,9,18
14,2026-03-03 14:53:34.313,2026-03-03 14:53:34.313,9,19
15,2026-03-05 11:38:32.302,2026-03-05 11:38:32.302,9,20
16,2026-03-05 11:48:22.963,2026-03-05 11:48:22.963,10,21
17,2026-03-05 11:48:40.396,2026-03-05 11:48:40.396,10,22
18,2026-03-07 15:39:00.816,2026-03-07 15:39:00.816,10,35
19,2026-03-07 15:39:00.816,2026-03-07 15:39:00.816,10,36
20,2026-03-07 15:39:00.816,2026-03-07 15:39:00.816,10,37
21,2026-03-07 15:39:00.816,2026-03-07 15:39:00.816,10,38
22,2026-03-07 15:39:00.816,2026-03-07 15:39:00.816,10,39
23,2026-03-16 09:35:28.769,2026-03-16 09:35:28.769,9,40
26,2026-03-18 16:13:37.487,2026-03-18 16:13:37.487,10,43
27,2026-03-18 16:13:38.194,2026-03-18 16:13:38.194,10,44
28,2026-03-18 16:16:15.754,2026-03-18 16:16:15.754,10,45
29,2026-03-18 16:16:16.037,2026-03-18 16:16:16.038,10,46
30,2026-03-18 16:47:20.525,2026-03-18 16:47:20.525,10,47
31,2026-03-18 16:47:21.262,2026-03-18 16:47:21.262,10,48
32,2026-03-18 17:10:34.764,2026-03-18 17:10:34.764,10,49
33,2026-03-18 17:10:35.548,2026-03-18 17:10:35.548,10,50
34,2026-03-19 11:38:06.699,2026-03-19 11:38:06.699,10,51
35,2026-03-19 11:38:07.221,2026-03-19 11:38:07.221,10,52
36,2026-03-19 14:15:46.254,2026-03-19 14:15:46.254,10,53
37,2026-03-19 14:15:46.683,2026-03-19 14:15:46.683,10,54
38,2026-03-19 14:44:39.899,2026-03-19 14:44:39.899,10,55
39,2026-03-19 14:44:40.168,2026-03-19 14:44:40.168,10,56
40,2026-03-19 17:17:08.964,2026-03-19 17:17:08.964,10,57
41,2026-03-19 17:17:09.892,2026-03-19 17:17:09.892,10,58
42,2026-03-19 17:33:46.697,2026-03-19 17:33:46.697,10,59
43,2026-03-19 17:33:47.036,2026-03-19 17:33:47.036,10,60
44,2026-03-19 17:42:05.447,2026-03-19 17:42:05.447,10,61
45,2026-03-19 17:42:05.760,2026-03-19 17:42:05.760,10,62
46,2026-03-20 09:37:28.718,2026-03-20 09:37:28.718,10,63
47,2026-03-20 09:37:29.151,2026-03-20 09:37:29.151,10,64
49,2026-03-20 10:53:41.504,2026-03-20 10:53:41.504,10,66
50,2026-03-26 08:25:10.133,2026-03-26 08:25:10.133,10,68
